Risk locus,SNP
rs12046117,rs10923228
rs12046117,rs12046117
rs1436238830,rs1436238830
rs2066363,rs2066363
rs2481065,rs60216416
rs2481065,rs1209264
rs2481065,rs11371032
rs2481065,rs148299382
rs2481065,rs2481065
rs4648881,rs10903110
rs4648881,rs6682408
rs4648881,rs6686594
rs4648881,rs4649032
rs4648881,rs4648881
rs6679677,rs6679677
rs72657048,rs4265380
rs72657048,rs11249213
rs72657048,rs7414934
rs72657048,rs11249212
rs72657048,rs7536201
rs72657048,rs7528484
rs72657048,rs6672420
rs72657048,rs11311495
rs72657048,rs4648889
rs72657048,rs4649040
rs72657048,rs4648890
rs72657048,rs7550635
rs72657048,rs7550552
rs72657048,rs12407074
rs72657048,rs7555518
rs72657048,rs11249215
rs72657048,rs10751776
rs72657048,rs7529070
rs72657048,rs10903119
rs72657048,rs10903118
rs72657048,rs7542147
rs72657048,rs7542079
rs72657048,rs7525903
rs72657048,rs373993301
rs72657048,rs7536848
rs72657048,rs7523412
rs72657048,rs7532198
rs72657048,rs7523334
rs72657048,rs7523328
rs72657048,rs10751775
rs72657048,rs72657048
rs72698115,rs73026617
rs72698115,rs111810442
rs72698115,rs72698115
rs10174238,rs7582694
rs10174238,rs10181656
rs10174238,rs8179673
rs10174238,rs7574865
rs10174238,rs7568275
rs10174238,rs10174238
rs10194635,rs6754937
rs10194635,rs4851269
rs10194635,rs1160544
rs10194635,rs2309837
rs10194635,rs10194635
rs11692867,rs10496344
rs11692867,rs12712068
rs11692867,rs1821826
rs11692867,rs1821827
rs11692867,rs1370353
rs11692867,rs2009094
rs11692867,rs2009095
rs11692867,rs11123813
rs11692867,rs6707067
rs11692867,rs4490209
rs11692867,rs11123814
rs11692867,rs13415583
rs11692867,rs12992234
rs11692867,rs7606455
rs11692867,rs4452166
rs11692867,rs4300851
rs11692867,rs11899489
rs11692867,rs13415465
rs11692867,rs66733041
rs11692867,rs4851253
rs11692867,rs11681227
rs11692867,rs13032454
rs11692867,rs12712064
rs11692867,rs4851252
rs11692867,rs70940197
rs11692867,rs11123809
rs11692867,rs11900482
rs11692867,rs13003982
rs11692867,rs11123810
rs11692867,rs11681966
rs11692867,rs12987209
rs11692867,rs12987212
rs11692867,rs11690905
rs11692867,rs11123812
rs11692867,rs368755101
rs11692867,rs4850921
rs11692867,rs12712067
rs11692867,rs11692867
rs11889341,rs11889341
rs219158,rs219154
rs219158,rs219155
rs219158,rs219156
rs219158,rs219153
rs219158,rs219150
rs219158,rs219149
rs219158,rs219148
rs219158,rs219143
rs219158,rs219173
rs219158,rs219165
rs219158,rs219161
rs219158,rs219159
rs219158,rs219157
rs219158,rs219160
rs219158,rs219158
rs45539732,rs45539732
rs6434390,rs10202630
rs6434390,rs10166391
rs6434390,rs6434390
rs953387,rs950176
rs953387,rs4954569
rs953387,rs61458349
rs953387,rs10179271
rs953387,rs6715785
rs953387,rs1401687
rs953387,rs10803550
rs953387,rs9941547
rs953387,rs2102896
rs953387,rs12473760
rs953387,rs12616955
rs953387,rs4954392
rs953387,rs4954567
rs953387,rs4954566
rs953387,rs2056297
rs953387,rs3078764
rs953387,rs4954568
rs953387,rs953387
rs4688011/rs11714843,rs11714843
rs4688011/rs11714843,rs4688011
rs4688011/rs11714843,rs62264484
rs4688011/rs11714843,rs34000219
rs4688011/rs11714843,rs4688013
rs4688011/rs11714843,rs62264483
rs4688011/rs11714843,rs59024323
rs4688011/rs11714843,rs2280670
rs4688011/rs11714843,rs11719448
rs7647909,rs7647909
rs79815064,rs58697594
rs79815064,rs73833032
rs79815064,rs73833033
rs79815064,rs74433128
rs79815064,rs76733709
rs79815064,rs113676185
rs79815064,rs79815064
rs79893749,rs112160248
rs79893749,rs368124274
rs79893749,rs3176953
rs79893749,rs79893749
rs1479924,rs1383048
rs1479924,rs11724582
rs1479924,rs6816311
rs1479924,rs6847143
rs1479924,rs6846978
rs1479924,rs35077420
rs1479924,rs1479924
rs62324212,rs62324212
rs7660520,rs7660520
rs7672495,rs7672495
rs7672495,rs75292251
rs7672495,rs75838132
rs7672495,rs10022152
rs7672495,rs74685329
rs7672495,rs11933917
rs10213692,rs10213692
rs10213692,rs6873385
rs10213692,rs6859219
rs10213692,rs10065637
rs10213692,rs71624119
rs27293,rs27293
rs27293,rs38031
rs27293,rs27993
rs27293,rs31398
rs27293,rs1611102
rs27293,rs27294
rs27293,rs27295
rs27293,rs561318911
rs27293,rs27298
rs27293,rs38030
rs27293,rs27300
rs27293,rs39602
rs27293,rs27712
rs27293,rs38029
rs27293,rs27291
rs27293,rs27290
rs27293,rs27660
rs4869313/rs4869314,rs2549782
rs4869313/rs4869314,rs2549784
rs4869313/rs4869314,rs2548538
rs4869313/rs4869314,rs3832367
rs4869313/rs4869314,rs12516666
rs4869313/rs4869314,rs10707238
rs4869313/rs4869314,rs2548540
rs4869313/rs4869314,rs2247650
rs4869313/rs4869314,rs3734015
rs4869313/rs4869314,rs56197090
rs4869313/rs4869314,rs2548537
rs4869313/rs4869314,rs6556943
rs4869313/rs4869314,rs34701361
rs4869313/rs4869314,rs3096167
rs4869313/rs4869314,rs56321917
rs4869313/rs4869314,rs2548536
rs4869313/rs4869314,rs2548535
rs4869313/rs4869314,rs2161657
rs4869313/rs4869314,rs5869736
rs4869313/rs4869314,rs2548534
rs4869313/rs4869314,rs2113190
rs4869313/rs4869314,rs2248374
rs4869313/rs4869314,rs193993
rs4869313/rs4869314,rs2042383
rs4869313/rs4869314,rs3849750
rs4869313/rs4869314,rs3096168
rs4869313/rs4869314,rs146022635
rs4869313/rs4869314,rs2549785
rs4869313/rs4869314,rs55691766
rs4869313/rs4869314,rs185909589
rs4869313/rs4869314,rs1559357
rs4869313/rs4869314,rs251342
rs4869313/rs4869314,rs1559354
rs4869313/rs4869314,rs6868302
rs4869313/rs4869314,rs2278018
rs4869313/rs4869314,rs2278019
rs4869313/rs4869314,rs10434708
rs4869313/rs4869314,rs10434709
rs4869313/rs4869314,rs1974871
rs4869313/rs4869314,rs1559355
rs4869313/rs4869314,rs1559356
rs4869313/rs4869314,rs72107567
rs4869313/rs4869314,rs2287988
rs4869313/rs4869314,rs2548533
rs4869313/rs4869314,rs171647
rs4869313/rs4869314,rs200811208
rs4869313/rs4869314,rs12655858
rs4869313/rs4869314,rs12654015
rs4869313/rs4869314,rs7721944
rs4869313/rs4869314,rs4869311
rs4869313/rs4869314,rs4869312
rs4869313/rs4869314,rs13189819
rs4869313/rs4869314,rs11371784
rs4869313/rs4869314,rs549327836
rs4869313/rs4869314,rs6556942
rs4869313/rs4869314,rs536495759
rs4869313/rs4869314,rs4869314
rs4869313/rs4869314,rs4869313
rs4869313/rs4869314,rs11375466
rs4869313/rs4869314,rs11337784
rs4869313/rs4869314,rs55770741
rs4869313/rs4869314,rs112833506
rs4869313/rs4869314,rs71226974
rs4869313/rs4869314,rs12189125
rs4869313/rs4869314,rs11750025
rs4869313/rs4869314,rs11135482
rs4869313/rs4869314,rs11135483
rs4869313/rs4869314,rs11135484
rs4869313/rs4869314,rs13167902
rs4869313/rs4869314,rs2303208
rs4869313/rs4869314,rs62377782
rs4869313/rs4869314,rs1559359
rs4869313/rs4869314,rs2549783
rs6894249,rs6894249
rs6894249,rs11745587
rs7731626,rs7731626
rs2395148,rs2395148
rs2395148,rs56269008
rs2395148,rs114928941
rs2614258,rs2614276
rs2614258,rs2614257
rs2614258,rs2746427
rs2614258,rs2143793
rs2614258,rs2614258
rs2614258,rs2746431
rs4713573,rs4713573
rs7775055,rs7775055
rs7775055,rs146797694
rs7775055,rs115341895
rs7775055,rs2935907
rs7775055,rs199923808
rs7775055,rs115577932
rs7775055,rs114218404
rs7775055,rs115777056
rs7775055,rs77537414
rs7775055,rs74756176
rs7775055,rs17427494
rs7775055,rs112608098
rs7775055,rs115842332
rs7775055,rs114325417
rs7775055,rs115262684
rs7775055,rs116459302
rs7775055,rs112317305
rs7775055,rs141748883
rs7775055,rs148781980
rs7775055,rs1694113
rs7775055,rs114801596
rs7775055,rs79951097
rs7775055,rs1794510
rs7775055,rs113529604
rs7775055,rs199526678
rs7775055,rs76384124
rs7775055,rs111335405
rs7775055,rs113666293
rs7775055,rs7774573
rs7775055,rs7754496
rs7775055,rs116147199
rs7775055,rs140882479
rs7775055,rs112574398
rs7775055,rs149999552
rs7775055,rs145250786
rs7775055,rs114996593
rs7775055,rs4713588
rs7775055,rs112117693
rs7775055,rs143607013
rs7775055,rs146335245
rs7775055,rs568935162
rs7775055,rs112670480
rs7775055,rs111903208
rs7775055,rs113138578
rs7775055,rs112535219
rs7775055,rs112032264
rs7775055,rs4713586
rs7775055,rs112466823
rs7775055,rs114744294
rs6946509,rs28572733
rs6946509,rs80156335
rs6946509,rs542129111
rs6946509,rs7793125
rs6946509,rs4722180
rs6946509,rs4722179
rs6946509,rs35658589
rs6946509,rs7804146
rs6946509,rs2091115
rs6946509,rs56061963
rs6946509,rs35779989
rs6946509,rs6946509
rs6946509,rs10950916
rs73300638,rs528600345
rs73300638,rs10260837
rs73300638,rs10280937
rs73300638,rs10281214
rs73300638,rs7796417
rs73300638,rs73089302
rs73300638,rs10263857
rs73300638,rs78693958
rs73300638,rs6945537
rs73300638,rs10276381
rs73300638,rs73300638
rs7831697,rs7817006
rs7831697,rs11784497
rs7831697,rs13273964
rs7831697,rs7827430
rs7831697,rs57648530
rs7831697,rs4471082
rs7831697,rs4319134
rs7831697,rs16906780
rs7831697,rs7831697
rs7831697,rs34983788
rs7831697,rs34526548
rs10988542,rs10988542
rs7042370,rs7042370
rs7043505,rs4979466
rs7043505,rs4979467
rs7043505,rs2418322
rs7043505,rs35625008
rs7043505,rs7468552
rs7043505,rs7043832
rs7043505,rs7043766
rs7043505,rs7043898
rs7043505,rs7043505
rs12411988,rs4746195
rs12411988,rs4469774
rs12411988,rs61853642
rs12411988,rs12412012
rs12411988,rs61579729
rs12411988,rs16918599
rs12411988,rs16918600
rs12411988,rs11812934
rs12411988,rs16918601
rs12411988,rs16918603
rs12411988,rs4746201
rs12411988,rs12411988
rs2454539,rs2454546
rs2454539,rs2252101
rs2454539,rs1015620
rs2454539,rs139765607
rs2454539,rs2454541
rs2454539,rs72801477
rs2454539,rs201884788
rs2454539,rs2454542
rs2454539,rs2454543
rs2454539,rs2447644
rs2454539,rs1903981
rs2454539,rs2454539
rs2476491,rs2245675
rs2476491,rs2256852
rs2476491,rs2256774
rs2476491,rs2476491
rs6479891,rs4439410
rs6479891,rs34916153
rs6479891,rs7082090
rs6479891,rs6479891
rs6479891,rs9414780
rs706778,rs706778
rs706778,rs7072793
rs706778,rs7073236
rs706778,rs7096384
rs706778,rs10795791
rs7069750,rs2182408
rs7069750,rs9658742
rs7069750,rs9658720
rs7069750,rs4244983
rs7069750,rs1926192
rs7069750,rs1926193
rs7069750,rs1926194
rs7069750,rs2148287
rs7069750,rs4406737
rs7069750,rs4406738
rs7069750,rs11591675
rs7069750,rs2147420
rs7069750,rs7069750
rs7082720,rs7082101
rs7082720,rs7069841
rs7082720,rs7910660
rs7082720,rs7910825
rs7082720,rs1926201
rs7082720,rs1926200
rs7082720,rs7914490
rs7082720,rs1926197
rs7082720,rs1800682
rs7082720,rs1324551
rs7082720,rs6586163
rs7082720,rs6586164
rs7082720,rs1926199
rs7082720,rs7082720
rs7100025,rs1926131
rs7100025,rs7905906
rs7100025,rs35506010
rs7100025,rs7100025
rs7909519,rs12722495
rs7909519,rs12722496
rs7909519,rs12722508
rs7909519,rs61839660
rs7909519,rs7909519
rs7127214,rs10466394
rs7127214,rs11033552
rs7127214,rs7130870
rs7127214,rs10768207
rs7127214,rs10836534
rs7127214,rs2218565
rs7127214,rs7127214
rs7127214,rs3824946
rs10849448,rs2364481
rs10849448,rs2364480
rs10849448,rs10849448
rs10849448,rs11064159
rs10849448,rs10744706
rs10849448,rs4301834
rs4766578,rs10774625
rs4766578,rs35350651
rs4766578,rs4766578
rs7137828,rs7137828
rs11839053,rs11839053
rs11839053,rs4772783
rs11839053,rs60405790
rs11839053,rs11843238
rs11839053,rs11843540
rs12430303,rs4512994
rs12430303,rs12430303
rs12430303,rs9594766
rs12430303,rs55868328
rs12430303,rs9533110
rs12430303,rs9594764
rs12430303,rs141252748
rs12430303,rs539445110
rs12430303,rs1853573
rs12430303,rs9594759
rs12430303,rs1830790
rs12430303,rs9533108
rs12430303,rs9594763
rs34132030,rs9594770
rs34132030,rs9525630
rs34132030,rs9533127
rs34132030,rs6561054
rs34132030,rs4942131
rs34132030,rs12876545
rs34132030,rs2324919
rs34132030,rs12876349
rs34132030,rs67682123
rs34132030,rs66749983
rs34132030,rs34132030
rs9532434,rs9532434
rs9532434,rs7993214
rs9532434,rs7986796
rs9532434,rs9532430
rs9532434,rs8002731
rs9532434,rs12876235
rs9532434,rs34270626
rs9532434,rs9548932
rs9532434,rs9532433
rs9532434,rs12872801
rs1051533,rs1051533
rs1051533,rs12147461
rs1051533,rs2164627
rs1051533,rs4902649
rs1051533,rs72731554
rs1051533,rs11851414
rs1051533,rs11847049
rs1051533,rs12147199
rs1051533,rs60910661
rs1051533,rs528401099
rs3825568,rs2236262
rs3825568,rs12889006
rs3825568,rs35263356
rs3825568,rs3825568
rs3825568,rs4902647
rs3825568,rs10711370
rs3825568,rs12434551
rs3825568,rs11158763
rs3825568,rs12435329
rs12719740,rs12719740
rs12719740,rs12439188
rs12719740,rs12901021
rs12719740,rs12908695
rs12719740,rs34133591
rs12719740,rs12591872
rs12719740,rs12595378
rs11074967,rs11074967
rs11074967,rs11649678
rs11074967,rs12597615
rs11074967,rs138588459
rs11074967,rs12931474
rs12232497,rs12950209
rs12232497,rs567122494
rs12232497,rs7359623
rs12232497,rs12950743
rs12232497,rs9906951
rs12232497,rs9901146
rs12232497,rs558669065
rs12232497,rs12936409
rs12232497,rs9908132
rs12232497,rs2872507
rs12232497,rs12941333
rs12232497,rs12232498
rs12232497,rs148094956
rs12232497,rs62067029
rs12232497,rs12103884
rs12232497,rs12232497
rs12232497,rs12939566
rs12232497,rs12939565
rs12232497,rs9904624
rs12232497,rs11870965
rs12232497,rs9903250
rs12232497,rs4795398
rs12232497,rs9905959
rs12232497,rs11658278
rs12232497,rs10852935
rs12232497,rs10852936
rs12232497,rs9891174
rs12232497,rs36095411
rs12232497,rs59716545
rs12232497,rs12939457
rs12232497,rs71152617
rs12232497,rs34189114
rs12232497,rs35736272
rs12232497,rs1054609
rs12232497,rs9907088
rs12232497,rs36038753
rs12232497,rs35569035
rs12232497,rs9910826
rs12232497,rs34074973
rs12232497,rs200216139
rs149850873,rs149850873
rs2847293,rs34560559
rs2847293,rs2014857
rs2847293,rs888270
rs2847293,rs67878610
rs2847293,rs11663253
rs2847293,rs34920518
rs2847293,rs67518044
rs2847293,rs9952991
rs2847293,rs9952749
rs2847293,rs2542151
rs2847293,rs2542150
rs2847293,rs2847280
rs2847293,rs2542149
rs2847293,rs2847278
rs2847293,rs2847274
rs2847293,rs2542148
rs2847293,rs7237497
rs2847293,rs2542147
rs2847293,rs2847260
rs2847293,rs2847293
rs2847293,rs142342883
rs2847293,rs9952753
rs9960807,rs9960807
rs34536443,rs34536443
rs62131887,rs62131887
rs2738774,rs2738774
rs8129030,rs66922517
rs8129030,rs9979383
rs8129030,rs8129030
rs2266959,rs11089620
rs2266959,rs140491
rs2266959,rs140489
rs2266959,rs140492
rs2266959,rs131665
rs2266959,rs59391722
rs2266959,rs140490
rs2266959,rs140495
rs2266959,rs2266961
rs2266959,rs140498
rs2266959,rs140499
rs2266959,rs181359
rs2266959,rs181360
rs2266959,rs181361
rs2266959,rs73166619
rs2266959,rs5754166
rs2266959,rs181362
rs2266959,rs181363
rs2266959,rs34977459
rs2266959,rs2256609
rs2266959,rs131664
rs2266959,rs2266959
rs2266959,rs138665726
rs2266959,rs5754100
rs2266959,rs5754102
rs2266959,rs5754104
rs2266959,rs131655
rs2266959,rs131656
rs2266959,rs5998509
rs2266959,rs131657
rs2266959,rs131658
rs2266959,rs140488
rs2266959,rs131659
rs2266959,rs131660
rs2284033,rs228966
rs2284033,rs2284033
rs2284033,rs2543537
rs2284033,rs228953
rs2284033,rs228954
rs2284033,rs228955
rs2284033,rs228957
rs2284033,rs228958
rs2284033,rs228963
rs2284033,rs71296616
rs2284033,rs228965
rs2284033,rs228960
rs12863738,rs12863738